<?xml version="1.0" encoding="utf-8"?>
<pindata xsi:schemaLocation="http://cypress.com/xsd/cypindata_v2 ../../dtd/cypindata_v2.xsd" device="CY8C4A45LQI-483" package="48-QFN" xmlns:xsi="http://www.w3.org/2001/XMLSchema-instance" xmlns="http://cypress.com/xsd/cypindata_v2">
  <capabilities>
    <capability name="DIGITAL" value="0x0000000000000001" />
    <capability name="ANALOG" value="0x0000000000000002" />
    <capability name="ROUTABLE" value="0x0000000000000004" />
    <capability name="GPIO" value="0x0000000000000010" />
    <capability name="SIO" value="0x0000000000000020" />
    <capability name="OVTIO" value="0x0000000000000040" />
    <capability name="TRUETOUCH" value="0x0000000000000080" />
    <capability name="DAC_HI_OUT" value="0x0000000000000100" />
    <capability name="ABUF_POS" value="0x0000000000000200" />
    <capability name="ABUF_OUT" value="0x0000000000000400" />
    <capability name="ABUF_NEG" value="0x0000000000000800" />
    <capability name="SWD" value="0x0000000000001000" />
    <capability name="SWO" value="0x0000000000002000" />
    <capability name="JTAG" value="0x0000000000004000" />
    <capability name="JTAG_NTRST" value="0x0000000000008000" />
    <capability name="XRES" value="0x0000000000010000" />
    <capability name="TRACE" value="0x0000000000020000" />
    <capability name="WAKEUP" value="0x0000000000040000" />
    <capability name="I2CWKUP_SDA" value="0x0000000000100000" />
    <capability name="I2CWKUP_SCL" value="0x0000000000200000" />
    <capability name="USB_D_PLUS" value="0x0000000000400000" />
    <capability name="USB_D_MINUS" value="0x0000000000800000" />
    <capability name="ECO_MHZ_XO" value="0x0000000001000000" />
    <capability name="ECO_MHZ_XI" value="0x0000000002000000" />
    <capability name="ECO_32KHZ_XO" value="0x0000000004000000" />
    <capability name="ECO_32KHZ_XI" value="0x0000000008000000" />
    <capability name="DSM_EXT_PIN_ONE" value="0x0000000010000000" />
    <capability name="DSM_EXT_PIN_TWO" value="0x0000000020000000" />
    <capability name="SAR_EXT_PIN" value="0x0000000040000000" />
    <capability name="EXTSYNC" value="0x0000000100000000" />
    <capability name="EXTREJECT" value="0x0000000200000000" />
    <capability name="EXTCLK" value="0x0000000400000000" />
    <capability name="EXT_VREF" value="0x0000000800000000" />
    <capability name="PORT_INTERRUPT" value="0x0000001000000000" />
    <capability name="HOTSWAP" value="0x0000002000000000" />
    <capability name="LCD_COM" value="0x0000004000000000" />
    <capability name="LCD_SEG" value="0x0000008000000000" />
    <capability name="CSD_SHIELD_TANK" value="0x0000010000000000" />
    <capability name="CSD_CMOD" value="0x0000020000000000" />
  </capabilities>
  <pins>
    <pin number="1" name="P1[1]">
      <pad name="P1[1]" number="31" portId="1" pinId="1" ioSupplyPin="VDDIO_A" capabilities="0x000000D000000813">
        <ffbterm ffbtype="TCPWM" ffbid="0" term="line_out_compl" alternative="1" />
        <ffbterm ffbtype="SCB" ffbid="1" term="uart_tx" alternative="1" />
        <ffbterm ffbtype="SCB" ffbid="1" term="tx" alternative="1" />
        <ffbterm ffbtype="SARADC" ffbid="0" term="data" wire="11" />
        <ffbterm ffbtype="Decimator" ffbid="1" term="intr" />
        <ffbterm ffbtype="M0S8LCD" ffbid="0" term="com" wire="9" />
        <ffbterm ffbtype="M0S8LCD" ffbid="0" term="seg" wire="9" />
        <ffbterm ffbtype="SCB" ffbid="1" term="i2c_sda" alternative="1" />
        <ffbterm ffbtype="SCB" ffbid="1" term="sda" alternative="1" />
        <ffbterm ffbtype="SCB" ffbid="1" term="spi_miso" alternative="1" />
        <ffbterm ffbtype="SCB" ffbid="1" term="miso_m" alternative="1" />
        <ffbterm ffbtype="SCB" ffbid="1" term="miso_s" alternative="1" />
        <ffbterm ffbtype="OA" ffbid="2" term="vminus" />
        <ffbterm ffbtype="LPCOMP" ffbid="1" term="vminus" />
      </pad>
    </pin>
    <pin number="2" name="P1[2]">
      <pad name="P1[2]" number="32" portId="1" pinId="2" ioSupplyPin="VDDIO_A" capabilities="0x000000D000000413">
        <ffbterm ffbtype="TCPWM" ffbid="1" term="line_out" alternative="1" />
        <ffbterm ffbtype="SCB" ffbid="1" term="uart_cts" alternative="1" />
        <ffbterm ffbtype="SCB" ffbid="1" term="cts" alternative="1" />
        <ffbterm ffbtype="SARADC" ffbid="0" term="data" wire="2" />
        <ffbterm ffbtype="M0S8LCD" ffbid="0" term="com" wire="10" />
        <ffbterm ffbtype="M0S8LCD" ffbid="0" term="seg" wire="10" />
        <ffbterm ffbtype="SCB" ffbid="1" term="spi_clk" alternative="1" />
        <ffbterm ffbtype="SCB" ffbid="1" term="sclk_m" alternative="1" />
        <ffbterm ffbtype="SCB" ffbid="1" term="sclk_s" alternative="1" />
        <ffbterm ffbtype="OA" ffbid="2" term="vout10" />
        <ffbterm ffbtype="OA" ffbid="0" term="vout10" />
      </pad>
    </pin>
    <pin number="3" name="P1[3]">
      <pad name="P1[3]" number="33" portId="1" pinId="3" ioSupplyPin="VDDIO_A" capabilities="0x000000D000000413">
        <ffbterm ffbtype="TCPWM" ffbid="1" term="line_out_compl" alternative="1" />
        <ffbterm ffbtype="SCB" ffbid="1" term="uart_rts" alternative="1" />
        <ffbterm ffbtype="SCB" ffbid="1" term="rts" alternative="1" />
        <ffbterm ffbtype="SARADC" ffbid="0" term="data" wire="3" />
        <ffbterm ffbtype="M0S8LCD" ffbid="0" term="com" wire="11" />
        <ffbterm ffbtype="M0S8LCD" ffbid="0" term="seg" wire="11" />
        <ffbterm ffbtype="SCB" ffbid="1" term="spi_select" wire="0" alternative="1" />
        <ffbterm ffbtype="SCB" ffbid="1" term="select_m" wire="0" alternative="1" resource="spi_select_0" />
        <ffbterm ffbtype="SCB" ffbid="1" term="select_m" wire="1" alternative="1" resource="spi_select_0" />
        <ffbterm ffbtype="SCB" ffbid="1" term="select_m" wire="2" alternative="1" resource="spi_select_0" />
        <ffbterm ffbtype="SCB" ffbid="1" term="select_m" wire="3" alternative="1" resource="spi_select_0" />
        <ffbterm ffbtype="SCB" ffbid="1" term="select_s" alternative="1" resource="spi_select_0" />
        <ffbterm ffbtype="OA" ffbid="3" term="vout10" />
        <ffbterm ffbtype="OA" ffbid="1" term="vout10" />
      </pad>
    </pin>
    <pin number="4" name="P1[4]">
      <pad name="P1[4]" number="34" portId="1" pinId="4" ioSupplyPin="VDDIO_A" capabilities="0x000000D000000813">
        <ffbterm ffbtype="TCPWM" ffbid="2" term="line_out" alternative="1" />
        <ffbterm ffbtype="M0S8LCD" ffbid="0" term="com" wire="12" />
        <ffbterm ffbtype="M0S8LCD" ffbid="0" term="seg" wire="12" />
        <ffbterm ffbtype="SCB" ffbid="1" term="spi_select" wire="1" />
        <ffbterm ffbtype="SCB" ffbid="1" term="select_m" wire="0" resource="spi_select_1" />
        <ffbterm ffbtype="SCB" ffbid="1" term="select_m" wire="1" resource="spi_select_1" />
        <ffbterm ffbtype="SCB" ffbid="1" term="select_m" wire="2" resource="spi_select_1" />
        <ffbterm ffbtype="SCB" ffbid="1" term="select_m" wire="3" resource="spi_select_1" />
        <ffbterm ffbtype="OA" ffbid="3" term="vminus" />
      </pad>
    </pin>
    <pin number="5" name="P1[5]">
      <pad name="P1[5]" number="35" portId="1" pinId="5" ioSupplyPin="VDDIO_A" capabilities="0x000000D000000213">
        <ffbterm ffbtype="TCPWM" ffbid="2" term="line_out_compl" alternative="1" />
        <ffbterm ffbtype="M0S8LCD" ffbid="0" term="com" wire="13" />
        <ffbterm ffbtype="M0S8LCD" ffbid="0" term="seg" wire="13" />
        <ffbterm ffbtype="SCB" ffbid="1" term="spi_select" wire="2" />
        <ffbterm ffbtype="SCB" ffbid="1" term="select_m" wire="0" resource="spi_select_2" />
        <ffbterm ffbtype="SCB" ffbid="1" term="select_m" wire="1" resource="spi_select_2" />
        <ffbterm ffbtype="SCB" ffbid="1" term="select_m" wire="2" resource="spi_select_2" />
        <ffbterm ffbtype="SCB" ffbid="1" term="select_m" wire="3" resource="spi_select_2" />
        <ffbterm ffbtype="OA" ffbid="3" term="vplus" />
      </pad>
    </pin>
    <pin number="6" name="P1[6]">
      <pad name="P1[6]" number="36" portId="1" pinId="6" ioSupplyPin="VDDIO_A" capabilities="0x000000D000000213">
        <ffbterm ffbtype="TCPWM" ffbid="3" term="line_out" alternative="1" />
        <ffbterm ffbtype="M0S8LCD" ffbid="0" term="com" wire="14" />
        <ffbterm ffbtype="M0S8LCD" ffbid="0" term="seg" wire="14" />
        <ffbterm ffbtype="SCB" ffbid="1" term="spi_select" wire="3" />
        <ffbterm ffbtype="SCB" ffbid="1" term="select_m" wire="0" resource="spi_select_3" />
        <ffbterm ffbtype="SCB" ffbid="1" term="select_m" wire="1" resource="spi_select_3" />
        <ffbterm ffbtype="SCB" ffbid="1" term="select_m" wire="2" resource="spi_select_3" />
        <ffbterm ffbtype="SCB" ffbid="1" term="select_m" wire="3" resource="spi_select_3" />
        <ffbterm ffbtype="OA" ffbid="2" term="vplus" />
      </pad>
    </pin>
    <pin number="7" name="P1[7]">
      <pad name="P1[7]" number="37" portId="1" pinId="7" ioSupplyPin="VDDIO_A" capabilities="0x000000D000000213">
        <ffbterm ffbtype="TCPWM" ffbid="3" term="line_out_compl" alternative="1" />
        <ffbterm ffbtype="M0S8LCD" ffbid="0" term="com" wire="15" />
        <ffbterm ffbtype="M0S8LCD" ffbid="0" term="seg" wire="15" />
        <ffbterm ffbtype="OA" ffbid="3" term="vplus" />
      </pad>
    </pin>
    <pin number="8" name="VDDA">
      <pad name="VDDIO_A" number="38" ioSupplyPin="VDDIO_A" powerPadNames="VDDIO_A" capabilities="0x0000000000000000" />
      <pad name="VDDA_CTB" number="39" ioSupplyPin="VDDIO_A" powerPadNames="VDDA_CTB" capabilities="0x0000000000000000" />
    </pin>
    <pin number="9" name="VSSA">
      <pad name="VSSA_CTB" number="40" ioSupplyPin="VDDIO_A" powerPadNames="VSSA_CTB" capabilities="0x0000000000000000" />
      <pad name="VSSIO_A" number="41" ioSupplyPin="VDDIO_A" powerPadNames="VSSIO_A" capabilities="0x0000000000000000" />
    </pin>
    <pin number="10" name="P2[0]">
      <pad name="P2[0]" number="42" portId="2" pinId="0" ioSupplyPin="VDDIO_A" capabilities="0x000000D000000213">
        <ffbterm ffbtype="TCPWM" ffbid="4" term="line_out" />
        <ffbterm ffbtype="SCB" ffbid="2" term="uart_rx" />
        <ffbterm ffbtype="SCB" ffbid="2" term="rx" />
        <ffbterm ffbtype="SARADC" ffbid="0" term="data" wire="4" />
        <ffbterm ffbtype="M0S8LCD" ffbid="0" term="com" wire="16" />
        <ffbterm ffbtype="M0S8LCD" ffbid="0" term="seg" wire="16" />
        <ffbterm ffbtype="SCB" ffbid="2" term="i2c_scl" />
        <ffbterm ffbtype="SCB" ffbid="2" term="scl" />
        <ffbterm ffbtype="SCB" ffbid="2" term="spi_mosi" />
        <ffbterm ffbtype="SCB" ffbid="2" term="mosi_m" />
        <ffbterm ffbtype="SCB" ffbid="2" term="mosi_s" />
        <ffbterm ffbtype="OA" ffbid="0" term="vplus" />
      </pad>
    </pin>
    <pin number="11" name="P2[1]">
      <pad name="P2[1]" number="43" portId="2" pinId="1" ioSupplyPin="VDDIO_A" capabilities="0x000000D000000813">
        <ffbterm ffbtype="TCPWM" ffbid="4" term="line_out_compl" />
        <ffbterm ffbtype="SCB" ffbid="2" term="uart_tx" />
        <ffbterm ffbtype="SCB" ffbid="2" term="tx" />
        <ffbterm ffbtype="SARADC" ffbid="0" term="data" wire="5" />
        <ffbterm ffbtype="M0S8LCD" ffbid="0" term="com" wire="17" />
        <ffbterm ffbtype="M0S8LCD" ffbid="0" term="seg" wire="17" />
        <ffbterm ffbtype="SCB" ffbid="2" term="i2c_sda" />
        <ffbterm ffbtype="SCB" ffbid="2" term="sda" />
        <ffbterm ffbtype="SCB" ffbid="2" term="spi_miso" />
        <ffbterm ffbtype="SCB" ffbid="2" term="miso_m" />
        <ffbterm ffbtype="SCB" ffbid="2" term="miso_s" />
        <ffbterm ffbtype="OA" ffbid="0" term="vminus" />
      </pad>
    </pin>
    <pin number="12" name="P2[2]">
      <pad name="P2[2]" number="44" portId="2" pinId="2" ioSupplyPin="VDDIO_A" capabilities="0x000000D000000413">
        <ffbterm ffbtype="TCPWM" ffbid="5" term="line_out" />
        <ffbterm ffbtype="SCB" ffbid="2" term="uart_cts" />
        <ffbterm ffbtype="SCB" ffbid="2" term="cts" />
        <ffbterm ffbtype="SARADC" ffbid="0" term="data" wire="6" />
        <ffbterm ffbtype="M0S8LCD" ffbid="0" term="com" wire="18" />
        <ffbterm ffbtype="M0S8LCD" ffbid="0" term="seg" wire="18" />
        <ffbterm ffbtype="SCB" ffbid="2" term="spi_clk" />
        <ffbterm ffbtype="SCB" ffbid="2" term="sclk_m" />
        <ffbterm ffbtype="SCB" ffbid="2" term="sclk_s" />
        <ffbterm ffbtype="OA" ffbid="0" term="vout10" />
      </pad>
    </pin>
    <pin number="13" name="P2[3]">
      <pad name="P2[3]" number="45" portId="2" pinId="3" ioSupplyPin="VDDIO_A" capabilities="0x000000D000000413">
        <ffbterm ffbtype="TCPWM" ffbid="5" term="line_out_compl" />
        <ffbterm ffbtype="SCB" ffbid="2" term="uart_rts" />
        <ffbterm ffbtype="SCB" ffbid="2" term="rts" />
        <ffbterm ffbtype="SARADC" ffbid="0" term="data" wire="7" />
        <ffbterm ffbtype="M0S8LCD" ffbid="0" term="com" wire="19" />
        <ffbterm ffbtype="M0S8LCD" ffbid="0" term="seg" wire="19" />
        <ffbterm ffbtype="SCB" ffbid="2" term="spi_select" wire="0" />
        <ffbterm ffbtype="SCB" ffbid="2" term="select_m" wire="0" resource="spi_select_0" />
        <ffbterm ffbtype="SCB" ffbid="2" term="select_m" wire="1" resource="spi_select_0" />
        <ffbterm ffbtype="SCB" ffbid="2" term="select_m" wire="2" resource="spi_select_0" />
        <ffbterm ffbtype="SCB" ffbid="2" term="select_m" wire="3" resource="spi_select_0" />
        <ffbterm ffbtype="SCB" ffbid="2" term="select_s" resource="spi_select_0" />
        <ffbterm ffbtype="OA" ffbid="1" term="vout10" />
      </pad>
    </pin>
    <pin number="14" name="P2[4]">
      <pad name="P2[4]" number="46" portId="2" pinId="4" ioSupplyPin="VDDIO_A" capabilities="0x000000D000000813">
        <ffbterm ffbtype="TCPWM" ffbid="0" term="line_out" />
        <ffbterm ffbtype="M0S8LCD" ffbid="0" term="com" wire="20" />
        <ffbterm ffbtype="M0S8LCD" ffbid="0" term="seg" wire="20" />
        <ffbterm ffbtype="SCB" ffbid="2" term="spi_select" wire="1" />
        <ffbterm ffbtype="SCB" ffbid="2" term="select_m" wire="0" resource="spi_select_1" />
        <ffbterm ffbtype="SCB" ffbid="2" term="select_m" wire="1" resource="spi_select_1" />
        <ffbterm ffbtype="SCB" ffbid="2" term="select_m" wire="2" resource="spi_select_1" />
        <ffbterm ffbtype="SCB" ffbid="2" term="select_m" wire="3" resource="spi_select_1" />
        <ffbterm ffbtype="OA" ffbid="1" term="vminus" />
        <ffbterm ffbtype="LNFE" ffbid="0" term="lb" />
      </pad>
    </pin>
    <pin number="15" name="P2[5]">
      <pad name="P2[5]" number="47" portId="2" pinId="5" ioSupplyPin="VDDIO_A" capabilities="0x000000D000000213">
        <ffbterm ffbtype="TCPWM" ffbid="0" term="line_out_compl" />
        <ffbterm ffbtype="M0S8LCD" ffbid="0" term="com" wire="21" />
        <ffbterm ffbtype="M0S8LCD" ffbid="0" term="seg" wire="21" />
        <ffbterm ffbtype="SCB" ffbid="2" term="spi_select" wire="2" />
        <ffbterm ffbtype="SCB" ffbid="2" term="select_m" wire="0" resource="spi_select_2" />
        <ffbterm ffbtype="SCB" ffbid="2" term="select_m" wire="1" resource="spi_select_2" />
        <ffbterm ffbtype="SCB" ffbid="2" term="select_m" wire="2" resource="spi_select_2" />
        <ffbterm ffbtype="SCB" ffbid="2" term="select_m" wire="3" resource="spi_select_2" />
        <ffbterm ffbtype="OA" ffbid="1" term="vplus" />
        <ffbterm ffbtype="LNFE" ffbid="0" term="le" />
      </pad>
    </pin>
    <pin number="16" name="P2[6]">
      <pad name="P2[6]" number="48" portId="2" pinId="6" ioSupplyPin="VDDIO_A" capabilities="0x000000D000000213">
        <ffbterm ffbtype="TCPWM" ffbid="1" term="line_out" />
        <ffbterm ffbtype="M0S8LCD" ffbid="0" term="com" wire="22" />
        <ffbterm ffbtype="M0S8LCD" ffbid="0" term="seg" wire="22" />
        <ffbterm ffbtype="SCB" ffbid="2" term="spi_select" wire="3" />
        <ffbterm ffbtype="SCB" ffbid="2" term="select_m" wire="0" resource="spi_select_3" />
        <ffbterm ffbtype="SCB" ffbid="2" term="select_m" wire="1" resource="spi_select_3" />
        <ffbterm ffbtype="SCB" ffbid="2" term="select_m" wire="2" resource="spi_select_3" />
        <ffbterm ffbtype="SCB" ffbid="2" term="select_m" wire="3" resource="spi_select_3" />
        <ffbterm ffbtype="OA" ffbid="0" term="vplus" />
      </pad>
    </pin>
    <pin number="17" name="P2[7]/VREF">
      <pad name="P2[7]" number="49" portId="2" pinId="7" ioSupplyPin="VDDIO_A" capabilities="0x000000D000000213">
        <ffbterm ffbtype="TCPWM" ffbid="1" term="line_out_compl" />
        <ffbterm ffbtype="M0S8LCD" ffbid="0" term="com" wire="23" />
        <ffbterm ffbtype="M0S8LCD" ffbid="0" term="seg" wire="23" />
        <ffbterm ffbtype="OA" ffbid="1" term="vplus" />
      </pad>
      <pad name="VREF" number="50" ioSupplyPin="VDDIO_A" capabilities="0x0000000040000000">
        <ffbterm ffbtype="SARADC" ffbid="0" term="ext_vref" />
      </pad>
    </pin>
    <pin number="18" name="VSSA">
      <pad name="VSUB_PASS" number="51" ioSupplyPin="VDDIO_A" powerPadNames="VSUB_PASS" capabilities="0x0000000000000000" />
      <pad name="VSSA" number="52" ioSupplyPin="VDDIO_A" powerPadNames="VSSA" capabilities="0x0000000000000000" />
      <pad name="VSSA_UAB" number="53" ioSupplyPin="VDDIO_A" powerPadNames="VSSA_UAB" capabilities="0x0000000000000000" />
    </pin>
    <pin number="19" name="VDDA">
      <pad name="VDDA" number="54" ioSupplyPin="VDDIO_A" powerPadNames="VDDA" capabilities="0x0000000000000000" />
      <pad name="VDDA_UAB0" number="55" ioSupplyPin="VDDIO_A" powerPadNames="VDDA_UAB0" capabilities="0x0000000000000000" />
      <pad name="VDDA_UAB1" number="56" ioSupplyPin="VDDIO_A" powerPadNames="VDDA_UAB1" capabilities="0x0000000000000000" />
    </pin>
    <pin number="20" name="P3[0]">
      <pad name="P3[0]" number="57" portId="3" pinId="0" ioSupplyPin="VDDIO_A" capabilities="0x000000D000000013">
        <ffbterm ffbtype="TCPWM" ffbid="2" term="line_out" />
        <ffbterm ffbtype="SCB" ffbid="0" term="uart_rx" />
        <ffbterm ffbtype="SCB" ffbid="0" term="rx" />
        <ffbterm ffbtype="M0S8LCD" ffbid="0" term="com" wire="24" />
        <ffbterm ffbtype="M0S8LCD" ffbid="0" term="seg" wire="24" />
        <ffbterm ffbtype="SCB" ffbid="0" term="i2c_scl" />
        <ffbterm ffbtype="SCB" ffbid="0" term="scl" />
        <ffbterm ffbtype="SCB" ffbid="0" term="spi_mosi" />
        <ffbterm ffbtype="SCB" ffbid="0" term="mosi_m" />
        <ffbterm ffbtype="SCB" ffbid="0" term="mosi_s" />
        <ffbterm ffbtype="SARMUX" ffbid="0" term="pads" wire="0" />
      </pad>
    </pin>
    <pin number="21" name="P3[1]">
      <pad name="P3[1]" number="58" portId="3" pinId="1" ioSupplyPin="VDDIO_A" capabilities="0x000000D000000013">
        <ffbterm ffbtype="TCPWM" ffbid="2" term="line_out_compl" />
        <ffbterm ffbtype="SCB" ffbid="0" term="uart_tx" />
        <ffbterm ffbtype="SCB" ffbid="0" term="tx" />
        <ffbterm ffbtype="SARADC" ffbid="0" term="data" wire="8" />
        <ffbterm ffbtype="M0S8LCD" ffbid="0" term="com" wire="25" />
        <ffbterm ffbtype="M0S8LCD" ffbid="0" term="seg" wire="25" />
        <ffbterm ffbtype="SCB" ffbid="0" term="i2c_sda" />
        <ffbterm ffbtype="SCB" ffbid="0" term="sda" />
        <ffbterm ffbtype="SCB" ffbid="0" term="spi_miso" />
        <ffbterm ffbtype="SCB" ffbid="0" term="miso_m" />
        <ffbterm ffbtype="SCB" ffbid="0" term="miso_s" />
        <ffbterm ffbtype="SARMUX" ffbid="0" term="pads" wire="1" />
      </pad>
    </pin>
    <pin number="22" name="P3[2]">
      <pad name="P3[2]" number="59" portId="3" pinId="2" ioSupplyPin="VDDIO_A" capabilities="0x000000D000000013">
        <ffbterm ffbtype="TCPWM" ffbid="3" term="line_out" />
        <ffbterm ffbtype="SCB" ffbid="0" term="uart_cts" />
        <ffbterm ffbtype="SCB" ffbid="0" term="cts" />
        <ffbterm ffbtype="M0S8LCD" ffbid="0" term="com" wire="26" />
        <ffbterm ffbtype="M0S8LCD" ffbid="0" term="seg" wire="26" />
        <ffbterm ffbtype="SCB" ffbid="0" term="spi_clk" />
        <ffbterm ffbtype="SCB" ffbid="0" term="sclk_m" />
        <ffbterm ffbtype="SCB" ffbid="0" term="sclk_s" />
        <ffbterm ffbtype="SARMUX" ffbid="0" term="pads" wire="2" />
      </pad>
    </pin>
    <pin number="23" name="P3[3]">
      <pad name="P3[3]" number="60" portId="3" pinId="3" ioSupplyPin="VDDIO_A" capabilities="0x000000D000000013">
        <ffbterm ffbtype="TCPWM" ffbid="3" term="line_out_compl" />
        <ffbterm ffbtype="SCB" ffbid="0" term="uart_rts" />
        <ffbterm ffbtype="SCB" ffbid="0" term="rts" />
        <ffbterm ffbtype="M0S8LCD" ffbid="0" term="com" wire="27" />
        <ffbterm ffbtype="M0S8LCD" ffbid="0" term="seg" wire="27" />
        <ffbterm ffbtype="SCB" ffbid="0" term="spi_select" wire="0" />
        <ffbterm ffbtype="SCB" ffbid="0" term="select_m" wire="0" resource="spi_select_0" />
        <ffbterm ffbtype="SCB" ffbid="0" term="select_m" wire="1" resource="spi_select_0" />
        <ffbterm ffbtype="SCB" ffbid="0" term="select_m" wire="2" resource="spi_select_0" />
        <ffbterm ffbtype="SCB" ffbid="0" term="select_m" wire="3" resource="spi_select_0" />
        <ffbterm ffbtype="SCB" ffbid="0" term="select_s" resource="spi_select_0" />
        <ffbterm ffbtype="SARMUX" ffbid="0" term="pads" wire="3" />
      </pad>
    </pin>
    <pin number="24" name="P3[4]">
      <pad name="P3[4]" number="61" portId="3" pinId="4" ioSupplyPin="VDDIO_A" capabilities="0x000000D000000013">
        <ffbterm ffbtype="TCPWM" ffbid="6" term="line_out" />
        <ffbterm ffbtype="SARADC" ffbid="0" term="data" wire="10" alternative="1" />
        <ffbterm ffbtype="TCPWM" ffbid="0" term="tr_in" wire="2" />
        <ffbterm ffbtype="TCPWM" ffbid="0" term="start" wire="2" />
        <ffbterm ffbtype="TCPWM" ffbid="0" term="reload" wire="2" />
        <ffbterm ffbtype="TCPWM" ffbid="0" term="stop" wire="2" />
        <ffbterm ffbtype="TCPWM" ffbid="0" term="count" wire="2" />
        <ffbterm ffbtype="TCPWM" ffbid="0" term="capture" wire="2" />
        <ffbterm ffbtype="M0S8LCD" ffbid="0" term="com" wire="28" />
        <ffbterm ffbtype="M0S8LCD" ffbid="0" term="seg" wire="28" />
        <ffbterm ffbtype="SCB" ffbid="0" term="spi_select" wire="1" alternative="1" />
        <ffbterm ffbtype="SCB" ffbid="0" term="select_m" wire="0" alternative="1" resource="spi_select_1" />
        <ffbterm ffbtype="SCB" ffbid="0" term="select_m" wire="1" alternative="1" resource="spi_select_1" />
        <ffbterm ffbtype="SCB" ffbid="0" term="select_m" wire="2" alternative="1" resource="spi_select_1" />
        <ffbterm ffbtype="SCB" ffbid="0" term="select_m" wire="3" alternative="1" resource="spi_select_1" />
        <ffbterm ffbtype="SARMUX" ffbid="0" term="pads" wire="4" />
      </pad>
    </pin>
    <pin number="25" name="P3[5]">
      <pad name="P3[5]" number="62" portId="3" pinId="5" ioSupplyPin="VDDIO_A" capabilities="0x000000D000000013">
        <ffbterm ffbtype="TCPWM" ffbid="6" term="line_out_compl" />
        <ffbterm ffbtype="SARADC" ffbid="0" term="data" wire="11" alternative="1" />
        <ffbterm ffbtype="TCPWM" ffbid="0" term="tr_in" wire="3" />
        <ffbterm ffbtype="TCPWM" ffbid="0" term="start" wire="3" />
        <ffbterm ffbtype="TCPWM" ffbid="0" term="reload" wire="3" />
        <ffbterm ffbtype="TCPWM" ffbid="0" term="stop" wire="3" />
        <ffbterm ffbtype="TCPWM" ffbid="0" term="count" wire="3" />
        <ffbterm ffbtype="TCPWM" ffbid="0" term="capture" wire="3" />
        <ffbterm ffbtype="M0S8LCD" ffbid="0" term="com" wire="29" />
        <ffbterm ffbtype="M0S8LCD" ffbid="0" term="seg" wire="29" />
        <ffbterm ffbtype="CSD" ffbid="0" term="comp" />
        <ffbterm ffbtype="SCB" ffbid="0" term="spi_select" wire="2" alternative="1" />
        <ffbterm ffbtype="SCB" ffbid="0" term="select_m" wire="0" alternative="1" resource="spi_select_2" />
        <ffbterm ffbtype="SCB" ffbid="0" term="select_m" wire="1" alternative="1" resource="spi_select_2" />
        <ffbterm ffbtype="SCB" ffbid="0" term="select_m" wire="2" alternative="1" resource="spi_select_2" />
        <ffbterm ffbtype="SCB" ffbid="0" term="select_m" wire="3" alternative="1" resource="spi_select_2" />
        <ffbterm ffbtype="SARMUX" ffbid="0" term="pads" wire="5" />
      </pad>
    </pin>
    <pin number="26" name="P3[6]">
      <pad name="P3[6]" number="63" portId="3" pinId="6" ioSupplyPin="VDDIO_A" capabilities="0x000000D000000013">
        <ffbterm ffbtype="TCPWM" ffbid="7" term="line_out" />
        <ffbterm ffbtype="SCB" ffbid="2" term="uart_rx" alternative="2" />
        <ffbterm ffbtype="SCB" ffbid="2" term="rx" alternative="2" />
        <ffbterm ffbtype="TCPWM" ffbid="0" term="tr_in" wire="4" />
        <ffbterm ffbtype="TCPWM" ffbid="0" term="start" wire="4" />
        <ffbterm ffbtype="TCPWM" ffbid="0" term="reload" wire="4" />
        <ffbterm ffbtype="TCPWM" ffbid="0" term="stop" wire="4" />
        <ffbterm ffbtype="TCPWM" ffbid="0" term="count" wire="4" />
        <ffbterm ffbtype="TCPWM" ffbid="0" term="capture" wire="4" />
        <ffbterm ffbtype="M0S8LCD" ffbid="0" term="com" wire="30" />
        <ffbterm ffbtype="M0S8LCD" ffbid="0" term="seg" wire="30" />
        <ffbterm ffbtype="SCB" ffbid="2" term="i2c_scl" alternative="2" />
        <ffbterm ffbtype="SCB" ffbid="2" term="scl" alternative="2" />
        <ffbterm ffbtype="SCB" ffbid="2" term="spi_mosi" alternative="2" />
        <ffbterm ffbtype="SCB" ffbid="2" term="mosi_m" alternative="2" />
        <ffbterm ffbtype="SCB" ffbid="2" term="mosi_s" alternative="2" />
        <ffbterm ffbtype="SARMUX" ffbid="0" term="pads" wire="6" />
      </pad>
    </pin>
    <pin number="27" name="P3[7]">
      <pad name="P3[7]" number="64" portId="3" pinId="7" ioSupplyPin="VDDIO_A" capabilities="0x000000D000000013">
        <ffbterm ffbtype="TCPWM" ffbid="7" term="line_out_compl" />
        <ffbterm ffbtype="SCB" ffbid="2" term="uart_tx" alternative="2" />
        <ffbterm ffbtype="SCB" ffbid="2" term="tx" alternative="2" />
        <ffbterm ffbtype="M0S8LCD" ffbid="0" term="com" wire="31" />
        <ffbterm ffbtype="M0S8LCD" ffbid="0" term="seg" wire="31" />
        <ffbterm ffbtype="SCB" ffbid="2" term="i2c_sda" alternative="2" />
        <ffbterm ffbtype="SCB" ffbid="2" term="sda" alternative="2" />
        <ffbterm ffbtype="SCB" ffbid="2" term="spi_miso" alternative="2" />
        <ffbterm ffbtype="SCB" ffbid="2" term="miso_m" alternative="2" />
        <ffbterm ffbtype="SCB" ffbid="2" term="miso_s" alternative="2" />
        <ffbterm ffbtype="SARMUX" ffbid="0" term="pads" wire="7" />
      </pad>
    </pin>
    <pin number="28" name="P0[0]">
      <pad name="P0[0]" number="2" portId="0" pinId="0" ioSupplyPin="VDDIO" capabilities="0x000000D000001013">
        <ffbterm ffbtype="TCPWM" ffbid="4" term="line_out" alternative="1" />
        <ffbterm ffbtype="SARADC" ffbid="0" term="data" wire="0" />
        <ffbterm ffbtype="TCPWM" ffbid="0" term="tr_in" wire="0" />
        <ffbterm ffbtype="TCPWM" ffbid="0" term="start" wire="0" />
        <ffbterm ffbtype="TCPWM" ffbid="0" term="reload" wire="0" />
        <ffbterm ffbtype="TCPWM" ffbid="0" term="stop" wire="0" />
        <ffbterm ffbtype="TCPWM" ffbid="0" term="count" wire="0" />
        <ffbterm ffbtype="TCPWM" ffbid="0" term="capture" wire="0" />
        <ffbterm ffbtype="M0S8LCD" ffbid="0" term="com" wire="0" />
        <ffbterm ffbtype="M0S8LCD" ffbid="0" term="seg" wire="0" />
        <ffbterm ffbtype="CPUSS" ffbid="0" term="swd_data" />
        <ffbterm ffbtype="SCB" ffbid="0" term="spi_select" wire="1" />
        <ffbterm ffbtype="SCB" ffbid="0" term="select_m" wire="0" resource="spi_select_1" />
        <ffbterm ffbtype="SCB" ffbid="0" term="select_m" wire="1" resource="spi_select_1" />
        <ffbterm ffbtype="SCB" ffbid="0" term="select_m" wire="2" resource="spi_select_1" />
        <ffbterm ffbtype="SCB" ffbid="0" term="select_m" wire="3" resource="spi_select_1" />
        <ffbterm ffbtype="LPCOMP" ffbid="0" term="vplus" />
        <ffbterm ffbtype="SmartIO" ffbid="0" term="io" wire="0" />
        <ffbterm ffbtype="SmartIO" ffbid="0" term="data0_i" />
        <ffbterm ffbtype="SmartIO" ffbid="0" term="data0_o" />
        <ffbterm ffbtype="SmartIO" ffbid="0" term="gpio0_i" />
        <ffbterm ffbtype="SmartIO" ffbid="0" term="gpio0_o" />
      </pad>
    </pin>
    <pin number="29" name="P0[1]">
      <pad name="P0[1]" number="3" portId="0" pinId="1" ioSupplyPin="VDDIO" capabilities="0x000000D000001013">
        <ffbterm ffbtype="TCPWM" ffbid="4" term="line_out_compl" alternative="1" />
        <ffbterm ffbtype="SARADC" ffbid="0" term="data" wire="1" />
        <ffbterm ffbtype="TCPWM" ffbid="0" term="tr_in" wire="1" />
        <ffbterm ffbtype="TCPWM" ffbid="0" term="start" wire="1" />
        <ffbterm ffbtype="TCPWM" ffbid="0" term="reload" wire="1" />
        <ffbterm ffbtype="TCPWM" ffbid="0" term="stop" wire="1" />
        <ffbterm ffbtype="TCPWM" ffbid="0" term="count" wire="1" />
        <ffbterm ffbtype="TCPWM" ffbid="0" term="capture" wire="1" />
        <ffbterm ffbtype="M0S8LCD" ffbid="0" term="com" wire="1" />
        <ffbterm ffbtype="M0S8LCD" ffbid="0" term="seg" wire="1" />
        <ffbterm ffbtype="CPUSS" ffbid="0" term="swd_clk" />
        <ffbterm ffbtype="SCB" ffbid="0" term="spi_select" wire="2" />
        <ffbterm ffbtype="SCB" ffbid="0" term="select_m" wire="0" resource="spi_select_2" />
        <ffbterm ffbtype="SCB" ffbid="0" term="select_m" wire="1" resource="spi_select_2" />
        <ffbterm ffbtype="SCB" ffbid="0" term="select_m" wire="2" resource="spi_select_2" />
        <ffbterm ffbtype="SCB" ffbid="0" term="select_m" wire="3" resource="spi_select_2" />
        <ffbterm ffbtype="LPCOMP" ffbid="0" term="vminus" />
        <ffbterm ffbtype="SmartIO" ffbid="0" term="io" wire="1" />
        <ffbterm ffbtype="SmartIO" ffbid="0" term="data1_i" />
        <ffbterm ffbtype="SmartIO" ffbid="0" term="data1_o" />
        <ffbterm ffbtype="SmartIO" ffbid="0" term="gpio1_i" />
        <ffbterm ffbtype="SmartIO" ffbid="0" term="gpio1_o" />
      </pad>
    </pin>
    <pin number="30" name="P0[2]">
      <pad name="P0[2]" number="4" portId="0" pinId="2" ioSupplyPin="VDDIO" capabilities="0x000000D400000013">
        <ffbterm ffbtype="TCPWM" ffbid="5" term="line_out" alternative="1" />
        <ffbterm ffbtype="SRSS" ffbid="0" term="ext_clk" />
        <ffbterm ffbtype="PASSBLOCK" ffbid="0" term="tr_gen_trig_in" wire="0" />
        <ffbterm ffbtype="M0S8LCD" ffbid="0" term="com" wire="2" />
        <ffbterm ffbtype="M0S8LCD" ffbid="0" term="seg" wire="2" />
        <ffbterm ffbtype="OA" ffbid="0" term="ctb_dsi_comp" />
        <ffbterm ffbtype="SCB" ffbid="0" term="spi_select" wire="3" />
        <ffbterm ffbtype="SCB" ffbid="0" term="select_m" wire="0" resource="spi_select_3" />
        <ffbterm ffbtype="SCB" ffbid="0" term="select_m" wire="1" resource="spi_select_3" />
        <ffbterm ffbtype="SCB" ffbid="0" term="select_m" wire="2" resource="spi_select_3" />
        <ffbterm ffbtype="SCB" ffbid="0" term="select_m" wire="3" resource="spi_select_3" />
        <ffbterm ffbtype="SRSS" ffbid="0" term="adft_por_pad_hv" />
        <ffbterm ffbtype="SmartIO" ffbid="0" term="io" wire="2" />
        <ffbterm ffbtype="SmartIO" ffbid="0" term="data2_i" />
        <ffbterm ffbtype="SmartIO" ffbid="0" term="data2_o" />
        <ffbterm ffbtype="SmartIO" ffbid="0" term="gpio2_i" />
        <ffbterm ffbtype="SmartIO" ffbid="0" term="gpio2_o" />
      </pad>
    </pin>
    <pin number="31" name="P0[3]">
      <pad name="P0[3]" number="5" portId="0" pinId="3" ioSupplyPin="VDDIO" capabilities="0x000000D000000013">
        <ffbterm ffbtype="TCPWM" ffbid="5" term="line_out_compl" alternative="1" />
        <ffbterm ffbtype="SARADC" ffbid="0" term="data" wire="2" alternative="1" />
        <ffbterm ffbtype="PASSBLOCK" ffbid="0" term="tr_gen_trig_in" wire="1" />
        <ffbterm ffbtype="M0S8LCD" ffbid="0" term="com" wire="3" />
        <ffbterm ffbtype="M0S8LCD" ffbid="0" term="seg" wire="3" />
        <ffbterm ffbtype="OA" ffbid="1" term="ctb_dsi_comp" />
        <ffbterm ffbtype="SmartIO" ffbid="0" term="io" wire="3" />
        <ffbterm ffbtype="SmartIO" ffbid="0" term="data3_i" />
        <ffbterm ffbtype="SmartIO" ffbid="0" term="data3_o" />
        <ffbterm ffbtype="SmartIO" ffbid="0" term="gpio3_i" />
        <ffbterm ffbtype="SmartIO" ffbid="0" term="gpio3_o" />
      </pad>
    </pin>
    <pin number="32" name="P0[4]">
      <pad name="P0[4]" number="6" portId="0" pinId="4" ioSupplyPin="VDDIO" capabilities="0x000000D000000013">
        <ffbterm ffbtype="TCPWM" ffbid="6" term="line_out" alternative="1" />
        <ffbterm ffbtype="SCB" ffbid="1" term="uart_rx" />
        <ffbterm ffbtype="SCB" ffbid="1" term="rx" />
        <ffbterm ffbtype="SARADC" ffbid="0" term="data" wire="3" alternative="1" />
        <ffbterm ffbtype="HALFUAB" ffbid="0" term="uab_trig_out" />
        <ffbterm ffbtype="M0S8LCD" ffbid="0" term="com" wire="4" />
        <ffbterm ffbtype="M0S8LCD" ffbid="0" term="seg" wire="4" />
        <ffbterm ffbtype="SCB" ffbid="1" term="i2c_scl" />
        <ffbterm ffbtype="SCB" ffbid="1" term="scl" />
        <ffbterm ffbtype="SCB" ffbid="1" term="spi_mosi" />
        <ffbterm ffbtype="SCB" ffbid="1" term="mosi_m" />
        <ffbterm ffbtype="SCB" ffbid="1" term="mosi_s" />
        <ffbterm ffbtype="SmartIO" ffbid="0" term="io" wire="4" />
        <ffbterm ffbtype="SmartIO" ffbid="0" term="data4_i" />
        <ffbterm ffbtype="SmartIO" ffbid="0" term="data4_o" />
        <ffbterm ffbtype="SmartIO" ffbid="0" term="gpio4_i" />
        <ffbterm ffbtype="SmartIO" ffbid="0" term="gpio4_o" />
      </pad>
    </pin>
    <pin number="33" name="P0[5]">
      <pad name="P0[5]" number="7" portId="0" pinId="5" ioSupplyPin="VDDIO" capabilities="0x000000D000000013">
        <ffbterm ffbtype="TCPWM" ffbid="6" term="line_out_compl" alternative="1" />
        <ffbterm ffbtype="SCB" ffbid="1" term="uart_tx" />
        <ffbterm ffbtype="SCB" ffbid="1" term="tx" />
        <ffbterm ffbtype="SARADC" ffbid="0" term="data" wire="4" alternative="1" />
        <ffbterm ffbtype="HALFUAB" ffbid="1" term="uab_trig_out" />
        <ffbterm ffbtype="M0S8LCD" ffbid="0" term="com" wire="5" />
        <ffbterm ffbtype="M0S8LCD" ffbid="0" term="seg" wire="5" />
        <ffbterm ffbtype="SCB" ffbid="1" term="i2c_sda" />
        <ffbterm ffbtype="SCB" ffbid="1" term="sda" />
        <ffbterm ffbtype="SCB" ffbid="1" term="spi_miso" />
        <ffbterm ffbtype="SCB" ffbid="1" term="miso_m" />
        <ffbterm ffbtype="SCB" ffbid="1" term="miso_s" />
        <ffbterm ffbtype="SmartIO" ffbid="0" term="io" wire="5" />
        <ffbterm ffbtype="SmartIO" ffbid="0" term="data5_i" />
        <ffbterm ffbtype="SmartIO" ffbid="0" term="data5_o" />
        <ffbterm ffbtype="SmartIO" ffbid="0" term="gpio5_i" />
        <ffbterm ffbtype="SmartIO" ffbid="0" term="gpio5_o" />
      </pad>
    </pin>
    <pin number="34" name="P0[6]">
      <pad name="P0[6]" number="8" portId="0" pinId="6" ioSupplyPin="VDDIO" capabilities="0x000000D000000013">
        <ffbterm ffbtype="SCB" ffbid="1" term="uart_cts" />
        <ffbterm ffbtype="SCB" ffbid="1" term="cts" />
        <ffbterm ffbtype="SARADC" ffbid="0" term="data" wire="5" alternative="1" />
        <ffbterm ffbtype="HALFUAB" ffbid="0" term="comp" />
        <ffbterm ffbtype="M0S8LCD" ffbid="0" term="com" wire="6" />
        <ffbterm ffbtype="M0S8LCD" ffbid="0" term="seg" wire="6" />
        <ffbterm ffbtype="LPCOMP" ffbid="0" term="cmpout" />
        <ffbterm ffbtype="SCB" ffbid="1" term="spi_clk" />
        <ffbterm ffbtype="SCB" ffbid="1" term="sclk_m" />
        <ffbterm ffbtype="SCB" ffbid="1" term="sclk_s" />
        <ffbterm ffbtype="SmartIO" ffbid="0" term="io" wire="6" />
        <ffbterm ffbtype="SmartIO" ffbid="0" term="data6_i" />
        <ffbterm ffbtype="SmartIO" ffbid="0" term="data6_o" />
        <ffbterm ffbtype="SmartIO" ffbid="0" term="gpio6_i" />
        <ffbterm ffbtype="SmartIO" ffbid="0" term="gpio6_o" />
      </pad>
    </pin>
    <pin number="35" name="P0[7]">
      <pad name="P0[7]" number="9" portId="0" pinId="7" ioSupplyPin="VDDIO" capabilities="0x000000D000000013">
        <ffbterm ffbtype="SCB" ffbid="1" term="uart_rts" />
        <ffbterm ffbtype="SCB" ffbid="1" term="rts" />
        <ffbterm ffbtype="SARADC" ffbid="0" term="data" wire="6" alternative="1" />
        <ffbterm ffbtype="HALFUAB" ffbid="1" term="comp" />
        <ffbterm ffbtype="M0S8LCD" ffbid="0" term="com" wire="7" />
        <ffbterm ffbtype="M0S8LCD" ffbid="0" term="seg" wire="7" />
        <ffbterm ffbtype="LPCOMP" ffbid="1" term="cmpout" />
        <ffbterm ffbtype="SCB" ffbid="1" term="spi_select" wire="0" />
        <ffbterm ffbtype="SCB" ffbid="1" term="select_m" wire="0" resource="spi_select_0" />
        <ffbterm ffbtype="SCB" ffbid="1" term="select_m" wire="1" resource="spi_select_0" />
        <ffbterm ffbtype="SCB" ffbid="1" term="select_m" wire="2" resource="spi_select_0" />
        <ffbterm ffbtype="SCB" ffbid="1" term="select_m" wire="3" resource="spi_select_0" />
        <ffbterm ffbtype="SCB" ffbid="1" term="select_s" resource="spi_select_0" />
        <ffbterm ffbtype="SmartIO" ffbid="0" term="io" wire="7" />
        <ffbterm ffbtype="SmartIO" ffbid="0" term="data7_i" />
        <ffbterm ffbtype="SmartIO" ffbid="0" term="data7_o" />
        <ffbterm ffbtype="SmartIO" ffbid="0" term="gpio7_i" />
        <ffbterm ffbtype="SmartIO" ffbid="0" term="gpio7_o" />
      </pad>
    </pin>
    <pin number="36" name="XRES">
      <pad name="XRES" number="10" ioSupplyPin="VDDIO" capabilities="0x0000000000000000" />
    </pin>
    <pin number="37" name="P4[0]">
      <pad name="P4[0]" number="11" portId="4" pinId="0" ioSupplyPin="VDDIO" capabilities="0x000000C008000013">
        <ffbterm ffbtype="TCPWM" ffbid="0" term="line_out" alternative="2" />
        <ffbterm ffbtype="SCB" ffbid="2" term="uart_rx" alternative="1" />
        <ffbterm ffbtype="SCB" ffbid="2" term="rx" alternative="1" />
        <ffbterm ffbtype="SARADC" ffbid="0" term="data" wire="7" alternative="1" />
        <ffbterm ffbtype="TCPWM" ffbid="0" term="tr_in" wire="5" />
        <ffbterm ffbtype="TCPWM" ffbid="0" term="start" wire="5" />
        <ffbterm ffbtype="TCPWM" ffbid="0" term="reload" wire="5" />
        <ffbterm ffbtype="TCPWM" ffbid="0" term="stop" wire="5" />
        <ffbterm ffbtype="TCPWM" ffbid="0" term="count" wire="5" />
        <ffbterm ffbtype="TCPWM" ffbid="0" term="capture" wire="5" />
        <ffbterm ffbtype="M0S8LCD" ffbid="0" term="com" wire="32" />
        <ffbterm ffbtype="M0S8LCD" ffbid="0" term="seg" wire="32" />
        <ffbterm ffbtype="SCB" ffbid="2" term="i2c_scl" alternative="1" />
        <ffbterm ffbtype="SCB" ffbid="2" term="scl" alternative="1" />
        <ffbterm ffbtype="SCB" ffbid="2" term="spi_mosi" alternative="1" />
        <ffbterm ffbtype="SCB" ffbid="2" term="mosi_m" alternative="1" />
        <ffbterm ffbtype="SCB" ffbid="2" term="mosi_s" alternative="1" />
        <ffbterm ffbtype="WCO" ffbid="0" term="wco_in" />
      </pad>
    </pin>
    <pin number="38" name="P4[1]">
      <pad name="P4[1]" number="12" portId="4" pinId="1" ioSupplyPin="VDDIO" capabilities="0x000000C004000013">
        <ffbterm ffbtype="TCPWM" ffbid="0" term="line_out_compl" alternative="2" />
        <ffbterm ffbtype="SCB" ffbid="2" term="uart_tx" alternative="1" />
        <ffbterm ffbtype="SCB" ffbid="2" term="tx" alternative="1" />
        <ffbterm ffbtype="SARADC" ffbid="0" term="data" wire="8" alternative="1" />
        <ffbterm ffbtype="TCPWM" ffbid="0" term="tr_in" wire="6" />
        <ffbterm ffbtype="TCPWM" ffbid="0" term="start" wire="6" />
        <ffbterm ffbtype="TCPWM" ffbid="0" term="reload" wire="6" />
        <ffbterm ffbtype="TCPWM" ffbid="0" term="stop" wire="6" />
        <ffbterm ffbtype="TCPWM" ffbid="0" term="count" wire="6" />
        <ffbterm ffbtype="TCPWM" ffbid="0" term="capture" wire="6" />
        <ffbterm ffbtype="M0S8LCD" ffbid="0" term="com" wire="33" />
        <ffbterm ffbtype="M0S8LCD" ffbid="0" term="seg" wire="33" />
        <ffbterm ffbtype="SCB" ffbid="2" term="i2c_sda" alternative="1" />
        <ffbterm ffbtype="SCB" ffbid="2" term="sda" alternative="1" />
        <ffbterm ffbtype="SCB" ffbid="2" term="spi_miso" alternative="1" />
        <ffbterm ffbtype="SCB" ffbid="2" term="miso_m" alternative="1" />
        <ffbterm ffbtype="SCB" ffbid="2" term="miso_s" alternative="1" />
        <ffbterm ffbtype="WCO" ffbid="0" term="wco_out" />
      </pad>
    </pin>
    <pin number="39" name="P5[0]">
      <pad name="P5[0]" number="13" portId="5" pinId="0" ioSupplyPin="VDDIO" capabilities="0x000000C000000013">
        <ffbterm ffbtype="TCPWM" ffbid="7" term="line_out" alternative="1" />
        <ffbterm ffbtype="SCB" ffbid="0" term="uart_rx" alternative="1" />
        <ffbterm ffbtype="SCB" ffbid="0" term="rx" alternative="1" />
        <ffbterm ffbtype="SARADC" ffbid="0" term="data_valid" />
        <ffbterm ffbtype="M0S8LCD" ffbid="0" term="com" wire="34" />
        <ffbterm ffbtype="M0S8LCD" ffbid="0" term="seg" wire="34" />
        <ffbterm ffbtype="SCB" ffbid="0" term="i2c_scl" alternative="1" />
        <ffbterm ffbtype="SCB" ffbid="0" term="scl" alternative="1" />
        <ffbterm ffbtype="SCB" ffbid="0" term="spi_mosi" alternative="1" />
        <ffbterm ffbtype="SCB" ffbid="0" term="mosi_m" alternative="1" />
        <ffbterm ffbtype="SCB" ffbid="0" term="mosi_s" alternative="1" />
        <ffbterm ffbtype="CSD" ffbid="0" term="shield_pad" />
      </pad>
    </pin>
    <pin number="40" name="P5[1]">
      <pad name="P5[1]" number="14" portId="5" pinId="1" ioSupplyPin="VDDIO" capabilities="0x000000C000000013">
        <ffbterm ffbtype="TCPWM" ffbid="7" term="line_out_compl" alternative="1" />
        <ffbterm ffbtype="SCB" ffbid="0" term="uart_tx" alternative="1" />
        <ffbterm ffbtype="SCB" ffbid="0" term="tx" alternative="1" />
        <ffbterm ffbtype="SARADC" ffbid="0" term="sample_done" />
        <ffbterm ffbtype="M0S8LCD" ffbid="0" term="com" wire="35" />
        <ffbterm ffbtype="M0S8LCD" ffbid="0" term="seg" wire="35" />
        <ffbterm ffbtype="SCB" ffbid="0" term="i2c_sda" alternative="1" />
        <ffbterm ffbtype="SCB" ffbid="0" term="sda" alternative="1" />
        <ffbterm ffbtype="SCB" ffbid="0" term="spi_miso" alternative="1" />
        <ffbterm ffbtype="SCB" ffbid="0" term="miso_m" alternative="1" />
        <ffbterm ffbtype="SCB" ffbid="0" term="miso_s" alternative="1" />
        <ffbterm ffbtype="CSD" ffbid="0" term="vref_ext" />
      </pad>
    </pin>
    <pin number="41" name="P5[2]">
      <pad name="P5[2]" number="15" portId="5" pinId="2" ioSupplyPin="VDDIO" capabilities="0x000002C000000013">
        <ffbterm ffbtype="TCPWM" ffbid="6" term="line_out" alternative="2" />
        <ffbterm ffbtype="SCB" ffbid="0" term="uart_cts" alternative="1" />
        <ffbterm ffbtype="SCB" ffbid="0" term="cts" alternative="1" />
        <ffbterm ffbtype="SARADC" ffbid="0" term="tr_sar_out" />
        <ffbterm ffbtype="M0S8LCD" ffbid="0" term="com" wire="36" />
        <ffbterm ffbtype="M0S8LCD" ffbid="0" term="seg" wire="36" />
        <ffbterm ffbtype="OA" ffbid="2" term="ctb_dsi_comp" />
        <ffbterm ffbtype="SCB" ffbid="0" term="spi_clk" alternative="1" />
        <ffbterm ffbtype="SCB" ffbid="0" term="sclk_m" alternative="1" />
        <ffbterm ffbtype="SCB" ffbid="0" term="sclk_s" alternative="1" />
        <ffbterm ffbtype="CSD" ffbid="0" term="cmod" />
      </pad>
    </pin>
    <pin number="42" name="P5[3]">
      <pad name="P5[3]" number="16" portId="5" pinId="3" ioSupplyPin="VDDIO" capabilities="0x000001C000000013">
        <ffbterm ffbtype="TCPWM" ffbid="6" term="line_out_compl" alternative="2" />
        <ffbterm ffbtype="SCB" ffbid="0" term="uart_rts" alternative="1" />
        <ffbterm ffbtype="SCB" ffbid="0" term="rts" alternative="1" />
        <ffbterm ffbtype="SARADC" ffbid="0" term="data" wire="9" />
        <ffbterm ffbtype="M0S8LCD" ffbid="0" term="com" wire="37" />
        <ffbterm ffbtype="M0S8LCD" ffbid="0" term="seg" wire="37" />
        <ffbterm ffbtype="OA" ffbid="3" term="ctb_dsi_comp" />
        <ffbterm ffbtype="SCB" ffbid="0" term="spi_select" wire="0" alternative="1" />
        <ffbterm ffbtype="SCB" ffbid="0" term="select_m" wire="0" alternative="1" resource="spi_select_0" />
        <ffbterm ffbtype="SCB" ffbid="0" term="select_m" wire="1" alternative="1" resource="spi_select_0" />
        <ffbterm ffbtype="SCB" ffbid="0" term="select_m" wire="2" alternative="1" resource="spi_select_0" />
        <ffbterm ffbtype="SCB" ffbid="0" term="select_m" wire="3" alternative="1" resource="spi_select_0" />
        <ffbterm ffbtype="SCB" ffbid="0" term="select_s" alternative="1" resource="spi_select_0" />
        <ffbterm ffbtype="CSD" ffbid="0" term="csh" />
      </pad>
    </pin>
    <pin number="43" name="VDDA">
      <pad name="VDDA_CSD" number="17" ioSupplyPin="VDDIO" powerPadNames="VDDA_CSD" capabilities="0x0000000000000000" />
    </pin>
    <pin number="44" name="VSSA">
      <pad name="VSSA_CSD" number="18" ioSupplyPin="VDDIO" powerPadNames="VSSA_CSD" capabilities="0x0000000000000000" />
      <pad name="VSUB_SRSS" number="19" ioSupplyPin="VDDIO" powerPadNames="VSUB_SRSS" capabilities="0x0000000000000000" />
    </pin>
    <pin number="45" name="VCCD">
      <pad name="VCCD" number="20" ioSupplyPin="VDDIO" powerPadNames="VCCD" capabilities="0x0000000000000000">
        <ffbterm ffbtype="SRSS" ffbid="0" term="pad_vccd" />
      </pad>
      <pad name="VCCQ" number="21" ioSupplyPin="VDDIO" powerPadNames="VCCQ" capabilities="0x0000000000000000">
        <ffbterm ffbtype="SRSS" ffbid="0" term="pad_vccq_or_vddio" />
      </pad>
    </pin>
    <pin number="46" name="VSSD">
      <pad name="VSSD" number="25" ioSupplyPin="VDDIO" powerPadNames="VSSD" capabilities="0x0000000000000000">
        <ffbterm ffbtype="SRSS" ffbid="0" term="pad_vssd" />
      </pad>
      <pad name="VSSIO_0" number="26" ioSupplyPin="VDDIO" powerPadNames="VSSIO_0" capabilities="0x0000000000000000">
        <ffbterm ffbtype="SRSS" ffbid="0" term="pad_vssio" />
      </pad>
    </pin>
    <pin number="47" name="VDDD">
      <pad name="VDDD_1" number="27" ioSupplyPin="VDDIO" powerPadNames="VDDD_1" capabilities="0x0000000000000000" />
      <pad name="VDDIO_1" number="28" ioSupplyPin="VDDIO" powerPadNames="VDDIO_1" capabilities="0x0000000000000000" />
      <pad name="VDDQ_1" number="29" ioSupplyPin="VDDIO" powerPadNames="VDDQ_1" capabilities="0x0000000000000000" />
    </pin>
    <pin number="48" name="P1[0]">
      <pad name="P1[0]" number="30" portId="1" pinId="0" ioSupplyPin="VDDIO_A" capabilities="0x000000D000000213">
        <ffbterm ffbtype="TCPWM" ffbid="0" term="line_out" alternative="1" />
        <ffbterm ffbtype="SCB" ffbid="1" term="uart_rx" alternative="1" />
        <ffbterm ffbtype="SCB" ffbid="1" term="rx" alternative="1" />
        <ffbterm ffbtype="SARADC" ffbid="0" term="data" wire="10" />
        <ffbterm ffbtype="Decimator" ffbid="0" term="intr" />
        <ffbterm ffbtype="M0S8LCD" ffbid="0" term="com" wire="8" />
        <ffbterm ffbtype="M0S8LCD" ffbid="0" term="seg" wire="8" />
        <ffbterm ffbtype="SCB" ffbid="1" term="i2c_scl" alternative="1" />
        <ffbterm ffbtype="SCB" ffbid="1" term="scl" alternative="1" />
        <ffbterm ffbtype="SCB" ffbid="1" term="spi_mosi" alternative="1" />
        <ffbterm ffbtype="SCB" ffbid="1" term="mosi_m" alternative="1" />
        <ffbterm ffbtype="SCB" ffbid="1" term="mosi_s" alternative="1" />
        <ffbterm ffbtype="OA" ffbid="2" term="vplus" />
        <ffbterm ffbtype="LPCOMP" ffbid="1" term="vplus" />
      </pad>
    </pin>
  </pins>
</pindata>