﻿<?xml version="1.0" encoding="utf-8"?>
<!--DO NOT EDIT. This document is generated by PSoC Creator design builds.-->
<PSoCCreatorIdeExport Version="1">
  <Device Part="CY8C4A45LQI-483" Processor="CortexM0p" DeviceID="1C0011AC" />
  <Toolchains>
    <Toolchain Name="ARM GCC Generic" Selected="True">
      <Tool Name="prebuild" Command="" Options="" />
      <Tool Name="assembler" Command="arm-none-eabi-as.exe" Options="-mcpu=cortex-m0plus -mthumb -I. -IGenerated_Source\PSoC4 -alh=${OutputDir}/${CompileFile}.lst -g -W" />
      <Tool Name="compiler" Command="arm-none-eabi-gcc.exe" Options="-mcpu=cortex-m0plus -mthumb -I. -IGenerated_Source\PSoC4 -Wa,-alh=${OutputDir}/${CompileFile}.lst -g -D DEBUG -Wall -ffunction-sections -Og -ffat-lto-objects" />
      <Tool Name="linker" Command="arm-none-eabi-gcc.exe" Options="-mcpu=cortex-m0plus -mthumb -g -ffunction-sections -Og -ffat-lto-objects -L Generated_Source\PSoC4 -Wl,-Map,${OutputDir}/${ProjectShortName}.map -T C:\Users\inderpreet\Desktop\AnalogCoProcessor_Design.cydsn\Generated_Source\PSoC4\cm0plusgcc.ld -specs=nano.specs -Wl,--gc-sections" />
      <Tool Name="postbuild" Command="" Options="" />
    </Toolchain>
    <Toolchain Name="ARM MDK Generic" Selected="False">
      <Tool Name="prebuild" Command="" Options="" />
      <Tool Name="assembler" Command="armasm.exe" Options="--cpu=Cortex-M0plus --diag_style=gnu --thumb -i. -iGenerated_Source\PSoC4 -g --list=${OutputDir}/${CompileFile}.lst" />
      <Tool Name="compiler" Command="armcc.exe" Options="--cpu=Cortex-M0plus --diag_style=gnu -I. -IGenerated_Source\PSoC4 --list --signed_chars -g -D DEBUG -O0 --split_sections" />
      <Tool Name="linker" Command="armlink.exe" Options="--cpu=Cortex-M0plus --diag_style=gnu --no_startup --library_type=microlib --map --list ${OutputDir}/${ProjectShortName}.map --scatter C:\Users\inderpreet\Desktop\AnalogCoProcessor_Design.cydsn\Generated_Source\PSoC4\Cm0plusRealView.scat" />
      <Tool Name="postbuild" Command="" Options="" />
    </Toolchain>
    <Toolchain Name="ARM IAR Generic" Selected="False">
      <Tool Name="prebuild" Command="" Options="" />
      <Tool Name="assembler" Command="iasmarm.exe" Options="--cpu Cortex-M0+ -I. -IGenerated_Source\PSoC4 -s+ -M&lt;&gt; -w+ -r -DDEBUG --fpu None" />
      <Tool Name="compiler" Command="iccarm.exe" Options="--cpu Cortex-M0+ -I. -IGenerated_Source\PSoC4 -D DEBUG --no_cse --no_unroll --no_inline --no_code_motion --no_tbaa --no_clustering --no_scheduling --debug --endian=little -e --fpu=None -On --no_wrap_diagnostics" />
      <Tool Name="linker" Command="ilinkarm.exe" Options="--semihosting --entry __iar_program_start --config Generated_Source\PSoC4\Generated_Source\PSoC4\Cm0plusIar.icf" />
      <Tool Name="postbuild" Command="" Options="" />
    </Toolchain>
  </Toolchains>
  <Project Name="AnalogCoProcessor_Design" Path="C:\Users\inderpreet\Desktop\AnalogCoProcessor_Design.cydsn" Version="5.50" Type="Normal">
    <CMSIS_SVD_File>AnalogCoProcessor_Design.svd</CMSIS_SVD_File>
    <Datasheet />
    <LinkerFiles>
      <LinkerFile Toolchain="ARM GCC Generic">.\Generated_Source\PSoC4\cm0plusgcc.ld</LinkerFile>
      <LinkerFile Toolchain="ARM MDK Generic">.\Generated_Source\PSoC4\Cm0plusRealView.scat</LinkerFile>
      <LinkerFile Toolchain="ARM IAR Generic">.\Generated_Source\PSoC4\Cm0plusIar.icf</LinkerFile>
    </LinkerFiles>
    <Folders>
      <Folder BuildType="STRICT" Path="C:\Users\inderpreet\Desktop\AnalogCoProcessor_Design.cydsn">
        <Files Root="C:\Users\inderpreet\Desktop\AnalogCoProcessor_Design.cydsn">
          <File BuildType="BUILD" Toolchain="">main.c</File>
          <File BuildType="BUILD" Toolchain="">my_macros.h</File>
        </Files>
      </Folder>
      <Folder BuildType="STRICT" Path="C:\Users\inderpreet\Desktop\AnalogCoProcessor_Design.cydsn\Generated_Source\PSoC4">
        <Files Root="C:\Users\inderpreet\Desktop\AnalogCoProcessor_Design.cydsn">
          <File BuildType="BUILD" Toolchain="">Generated_Source\PSoC4\cyfitter_cfg.h</File>
          <File BuildType="BUILD" Toolchain="">Generated_Source\PSoC4\cyfitter_cfg.c</File>
          <File BuildType="BUILD" Toolchain="">Generated_Source\PSoC4\cymetadata.c</File>
          <File BuildType="BUILD" Toolchain="">Generated_Source\PSoC4\cydevice_trm.h</File>
          <File BuildType="BUILD" Toolchain="">Generated_Source\PSoC4\cydevicegnu_trm.inc</File>
          <File BuildType="BUILD" Toolchain="">Generated_Source\PSoC4\cydevicerv_trm.inc</File>
          <File BuildType="BUILD" Toolchain="">Generated_Source\PSoC4\cydeviceiar_trm.inc</File>
          <File BuildType="BUILD" Toolchain="">Generated_Source\PSoC4\cyfittergnu.inc</File>
          <File BuildType="BUILD" Toolchain="">Generated_Source\PSoC4\cyfitterrv.inc</File>
          <File BuildType="BUILD" Toolchain="">Generated_Source\PSoC4\cyfitteriar.inc</File>
          <File BuildType="BUILD" Toolchain="">Generated_Source\PSoC4\cyfitter.h</File>
          <File BuildType="BUILD" Toolchain="">Generated_Source\PSoC4\cydisabledsheets.h</File>
          <File BuildType="BUILD" Toolchain="">Generated_Source\PSoC4\EzI2C.c</File>
          <File BuildType="BUILD" Toolchain="">Generated_Source\PSoC4\EzI2C.h</File>
          <File BuildType="BUILD" Toolchain="">Generated_Source\PSoC4\EzI2C_PM.c</File>
          <File BuildType="BUILD" Toolchain="">Generated_Source\PSoC4\EzI2C_BOOT.c</File>
          <File BuildType="BUILD" Toolchain="">Generated_Source\PSoC4\EzI2C_PINS.h</File>
          <File BuildType="BUILD" Toolchain="">Generated_Source\PSoC4\EzI2C_PVT.h</File>
          <File BuildType="BUILD" Toolchain="">Generated_Source\PSoC4\EzI2C_EZI2C.c</File>
          <File BuildType="BUILD" Toolchain="">Generated_Source\PSoC4\EzI2C_EZI2C_INT.c</File>
          <File BuildType="BUILD" Toolchain="">Generated_Source\PSoC4\EzI2C_EZI2C.h</File>
          <File BuildType="BUILD" Toolchain="">Generated_Source\PSoC4\EzI2C_EZI2C_PVT.h</File>
          <File BuildType="BUILD" Toolchain="">Generated_Source\PSoC4\EzI2C_EZI2C_BOOT.c</File>
          <File BuildType="BUILD" Toolchain="">Generated_Source\PSoC4\EzI2C_BOOT.h</File>
          <File BuildType="BUILD" Toolchain="">Generated_Source\PSoC4\ADC.c</File>
          <File BuildType="BUILD" Toolchain="">Generated_Source\PSoC4\ADC.h</File>
          <File BuildType="BUILD" Toolchain="">Generated_Source\PSoC4\ADC_PM.c</File>
          <File BuildType="BUILD" Toolchain="">Generated_Source\PSoC4\ADC_INIT.c</File>
          <File BuildType="BUILD" Toolchain="">Generated_Source\PSoC4\ADC_INT.c</File>
          <File BuildType="BUILD" Toolchain="">Generated_Source\PSoC4\ADC_FILTER.h</File>
          <File BuildType="BUILD" Toolchain="">Generated_Source\PSoC4\RefBuffer.c</File>
          <File BuildType="BUILD" Toolchain="">Generated_Source\PSoC4\RefBuffer.h</File>
          <File BuildType="BUILD" Toolchain="">Generated_Source\PSoC4\RefBuffer_PM.c</File>
          <File BuildType="BUILD" Toolchain="">Generated_Source\PSoC4\Pin_LED.c</File>
          <File BuildType="BUILD" Toolchain="">Generated_Source\PSoC4\Pin_LED.h</File>
          <File BuildType="BUILD" Toolchain="">Generated_Source\PSoC4\Pin_LED_aliases.h</File>
          <File BuildType="BUILD" Toolchain="">Generated_Source\PSoC4\Pin_LED_PM.c</File>
          <File BuildType="BUILD" Toolchain="">Generated_Source\PSoC4\PVref.c</File>
          <File BuildType="BUILD" Toolchain="">Generated_Source\PSoC4\PVref.h</File>
          <File BuildType="BUILD" Toolchain="">Generated_Source\PSoC4\PVref_PM.c</File>
          <File BuildType="BUILD" Toolchain="">Generated_Source\PSoC4\Pin_Vref.c</File>
          <File BuildType="BUILD" Toolchain="">Generated_Source\PSoC4\Pin_Vref.h</File>
          <File BuildType="BUILD" Toolchain="">Generated_Source\PSoC4\Pin_Vref_aliases.h</File>
          <File BuildType="BUILD" Toolchain="">Generated_Source\PSoC4\Pin_Vref_PM.c</File>
          <File BuildType="BUILD" Toolchain="">Generated_Source\PSoC4\PIRAmplifierStage1.c</File>
          <File BuildType="BUILD" Toolchain="">Generated_Source\PSoC4\PIRAmplifierStage1.h</File>
          <File BuildType="BUILD" Toolchain="">Generated_Source\PSoC4\PIRAmplifierStage1_PM.c</File>
          <File BuildType="BUILD" Toolchain="">Generated_Source\PSoC4\Pin_PIRRef.c</File>
          <File BuildType="BUILD" Toolchain="">Generated_Source\PSoC4\Pin_PIRRef.h</File>
          <File BuildType="BUILD" Toolchain="">Generated_Source\PSoC4\Pin_PIRRef_aliases.h</File>
          <File BuildType="BUILD" Toolchain="">Generated_Source\PSoC4\Pin_PIRRef_PM.c</File>
          <File BuildType="BUILD" Toolchain="">Generated_Source\PSoC4\Pin_PIR.c</File>
          <File BuildType="BUILD" Toolchain="">Generated_Source\PSoC4\Pin_PIR.h</File>
          <File BuildType="BUILD" Toolchain="">Generated_Source\PSoC4\Pin_PIR_aliases.h</File>
          <File BuildType="BUILD" Toolchain="">Generated_Source\PSoC4\Pin_PIR_PM.c</File>
          <File BuildType="BUILD" Toolchain="">Generated_Source\PSoC4\Pin_AmpOut.c</File>
          <File BuildType="BUILD" Toolchain="">Generated_Source\PSoC4\Pin_AmpOut.h</File>
          <File BuildType="BUILD" Toolchain="">Generated_Source\PSoC4\Pin_AmpOut_aliases.h</File>
          <File BuildType="BUILD" Toolchain="">Generated_Source\PSoC4\Pin_AmpOut_PM.c</File>
          <File BuildType="BUILD" Toolchain="">Generated_Source\PSoC4\Pin_PGAIn.c</File>
          <File BuildType="BUILD" Toolchain="">Generated_Source\PSoC4\Pin_PGAIn.h</File>
          <File BuildType="BUILD" Toolchain="">Generated_Source\PSoC4\Pin_PGAIn_aliases.h</File>
          <File BuildType="BUILD" Toolchain="">Generated_Source\PSoC4\Pin_PGAIn_PM.c</File>
          <File BuildType="BUILD" Toolchain="">Generated_Source\PSoC4\PIRAmplifierStage2.c</File>
          <File BuildType="BUILD" Toolchain="">Generated_Source\PSoC4\PIRAmplifierStage2_PM.c</File>
          <File BuildType="BUILD" Toolchain="">Generated_Source\PSoC4\PIRAmplifierStage2.h</File>
          <File BuildType="BUILD" Toolchain="">Generated_Source\PSoC4\PIRAmplifierStage2_PVT.h</File>
          <File BuildType="BUILD" Toolchain="">Generated_Source\PSoC4\isr_Timebase5s.c</File>
          <File BuildType="BUILD" Toolchain="">Generated_Source\PSoC4\isr_Timebase5s.h</File>
          <File BuildType="BUILD" Toolchain="">Generated_Source\PSoC4\Clk_1kHz.c</File>
          <File BuildType="BUILD" Toolchain="">Generated_Source\PSoC4\Clk_1kHz.h</File>
          <File BuildType="BUILD" Toolchain="">Generated_Source\PSoC4\Timebase5s.c</File>
          <File BuildType="BUILD" Toolchain="">Generated_Source\PSoC4\Timebase5s.h</File>
          <File BuildType="BUILD" Toolchain="">Generated_Source\PSoC4\Timebase5s_PM.c</File>
          <File BuildType="BUILD" Toolchain="">Generated_Source\PSoC4\EzI2C_SCBCLK.c</File>
          <File BuildType="BUILD" Toolchain="">Generated_Source\PSoC4\EzI2C_SCBCLK.h</File>
          <File BuildType="BUILD" Toolchain="">Generated_Source\PSoC4\EzI2C_sda.c</File>
          <File BuildType="BUILD" Toolchain="">Generated_Source\PSoC4\EzI2C_sda.h</File>
          <File BuildType="BUILD" Toolchain="">Generated_Source\PSoC4\EzI2C_sda_aliases.h</File>
          <File BuildType="BUILD" Toolchain="">Generated_Source\PSoC4\EzI2C_sda_PM.c</File>
          <File BuildType="BUILD" Toolchain="">Generated_Source\PSoC4\EzI2C_scl.c</File>
          <File BuildType="BUILD" Toolchain="">Generated_Source\PSoC4\EzI2C_scl.h</File>
          <File BuildType="BUILD" Toolchain="">Generated_Source\PSoC4\EzI2C_scl_aliases.h</File>
          <File BuildType="BUILD" Toolchain="">Generated_Source\PSoC4\EzI2C_scl_PM.c</File>
          <File BuildType="BUILD" Toolchain="">Generated_Source\PSoC4\EzI2C_SCB_IRQ.c</File>
          <File BuildType="BUILD" Toolchain="">Generated_Source\PSoC4\EzI2C_SCB_IRQ.h</File>
          <File BuildType="BUILD" Toolchain="">Generated_Source\PSoC4\ADC_intSarClock.c</File>
          <File BuildType="BUILD" Toolchain="">Generated_Source\PSoC4\ADC_intSarClock.h</File>
          <File BuildType="BUILD" Toolchain="">Generated_Source\PSoC4\ADC_IRQ.c</File>
          <File BuildType="BUILD" Toolchain="">Generated_Source\PSoC4\ADC_IRQ.h</File>
          <File BuildType="BUILD" Toolchain="">Generated_Source\PSoC4\ADC_intUabClock.c</File>
          <File BuildType="BUILD" Toolchain="">Generated_Source\PSoC4\ADC_intUabClock.h</File>
          <File BuildType="BUILD" Toolchain="ARM GCC Generic">Generated_Source\PSoC4\cm0plusgcc.ld</File>
          <File BuildType="BUILD" Toolchain="ARM MDK Generic">Generated_Source\PSoC4\Cm0plusRealView.scat</File>
          <File BuildType="BUILD" Toolchain="">Generated_Source\PSoC4\Cm0plusStart.c</File>
          <File BuildType="BUILD" Toolchain="ARM GCC Generic">Generated_Source\PSoC4\CyBootAsmGnu.s</File>
          <File BuildType="BUILD" Toolchain="ARM MDK Generic">Generated_Source\PSoC4\CyBootAsmRv.s</File>
          <File BuildType="BUILD" Toolchain="">Generated_Source\PSoC4\CyFlash.c</File>
          <File BuildType="BUILD" Toolchain="">Generated_Source\PSoC4\CyFlash.h</File>
          <File BuildType="BUILD" Toolchain="">Generated_Source\PSoC4\CyLib.c</File>
          <File BuildType="BUILD" Toolchain="">Generated_Source\PSoC4\CyLib.h</File>
          <File BuildType="BUILD" Toolchain="">Generated_Source\PSoC4\cyPm.c</File>
          <File BuildType="BUILD" Toolchain="">Generated_Source\PSoC4\cyPm.h</File>
          <File BuildType="BUILD" Toolchain="">Generated_Source\PSoC4\cytypes.h</File>
          <File BuildType="BUILD" Toolchain="">Generated_Source\PSoC4\cyutils.c</File>
          <File BuildType="BUILD" Toolchain="">Generated_Source\PSoC4\cypins.h</File>
          <File BuildType="BUILD" Toolchain="">Generated_Source\PSoC4\core_cmFunc.h</File>
          <File BuildType="BUILD" Toolchain="">Generated_Source\PSoC4\core_cmInstr.h</File>
          <File BuildType="BUILD" Toolchain="ARM IAR Generic">Generated_Source\PSoC4\Cm0plusIar.icf</File>
          <File BuildType="BUILD" Toolchain="ARM IAR Generic">Generated_Source\PSoC4\CyBootAsmIar.s</File>
          <File BuildType="BUILD" Toolchain="">Generated_Source\PSoC4\cmsis_armcc.h</File>
          <File BuildType="BUILD" Toolchain="">Generated_Source\PSoC4\cmsis_gcc.h</File>
          <File BuildType="BUILD" Toolchain="">Generated_Source\PSoC4\core_cm0plus.h</File>
          <File BuildType="BUILD" Toolchain="">Generated_Source\PSoC4\core_cm0plus_psoc4.h</File>
          <File BuildType="BUILD" Toolchain="">Generated_Source\PSoC4\CyDMA.h</File>
          <File BuildType="BUILD" Toolchain="">Generated_Source\PSoC4\CyDMA.c</File>
          <File BuildType="BUILD" Toolchain="">Generated_Source\PSoC4\CyLFClk.c</File>
          <File BuildType="BUILD" Toolchain="">Generated_Source\PSoC4\CyLFClk.h</File>
          <File BuildType="BUILD" Toolchain="">Generated_Source\PSoC4\project.h</File>
          <File BuildType="BUILD" Toolchain="">Generated_Source\PSoC4\cycodeshareimport.ld</File>
          <File BuildType="BUILD" Toolchain="">Generated_Source\PSoC4\cycodeshareexport.ld</File>
          <File BuildType="BUILD" Toolchain="">Generated_Source\PSoC4\cycodeshareimport.scat</File>
          <File BuildType="BUILD" Toolchain="">Generated_Source\PSoC4\Thermistor.c</File>
          <File BuildType="BUILD" Toolchain="">Generated_Source\PSoC4\Thermistor.h</File>
          <File BuildType="BUILD" Toolchain="">Generated_Source\PSoC4\Pin_LED_Blue.c</File>
          <File BuildType="BUILD" Toolchain="">Generated_Source\PSoC4\Pin_LED_Blue.h</File>
          <File BuildType="BUILD" Toolchain="">Generated_Source\PSoC4\Pin_LED_Blue_aliases.h</File>
          <File BuildType="BUILD" Toolchain="">Generated_Source\PSoC4\Pin_LED_Blue_PM.c</File>
          <File BuildType="BUILD" Toolchain="">Generated_Source\PSoC4\Pin_Vhi.c</File>
          <File BuildType="BUILD" Toolchain="">Generated_Source\PSoC4\Pin_Vhi.h</File>
          <File BuildType="BUILD" Toolchain="">Generated_Source\PSoC4\Pin_Vhi_aliases.h</File>
          <File BuildType="BUILD" Toolchain="">Generated_Source\PSoC4\Pin_Vhi_PM.c</File>
          <File BuildType="BUILD" Toolchain="">Generated_Source\PSoC4\Pin_Vlow.c</File>
          <File BuildType="BUILD" Toolchain="">Generated_Source\PSoC4\Pin_Vlow.h</File>
          <File BuildType="BUILD" Toolchain="">Generated_Source\PSoC4\Pin_Vlow_aliases.h</File>
          <File BuildType="BUILD" Toolchain="">Generated_Source\PSoC4\Pin_Vlow_PM.c</File>
          <File BuildType="BUILD" Toolchain="">Generated_Source\PSoC4\Pin_Vtherm.c</File>
          <File BuildType="BUILD" Toolchain="">Generated_Source\PSoC4\Pin_Vtherm.h</File>
          <File BuildType="BUILD" Toolchain="">Generated_Source\PSoC4\Pin_Vtherm_aliases.h</File>
          <File BuildType="BUILD" Toolchain="">Generated_Source\PSoC4\Pin_Vtherm_PM.c</File>
          <File BuildType="BUILD" Toolchain="">Generated_Source\PSoC4\TIA_IN.c</File>
          <File BuildType="BUILD" Toolchain="">Generated_Source\PSoC4\TIA_IN.h</File>
          <File BuildType="BUILD" Toolchain="">Generated_Source\PSoC4\TIA_IN_aliases.h</File>
          <File BuildType="BUILD" Toolchain="">Generated_Source\PSoC4\TIA_IN_PM.c</File>
          <File BuildType="BUILD" Toolchain="">Generated_Source\PSoC4\Opamp_1.c</File>
          <File BuildType="BUILD" Toolchain="">Generated_Source\PSoC4\Opamp_1.h</File>
          <File BuildType="BUILD" Toolchain="">Generated_Source\PSoC4\Opamp_1_PM.c</File>
          <File BuildType="BUILD" Toolchain="">Generated_Source\PSoC4\TIA_OUT.c</File>
          <File BuildType="BUILD" Toolchain="">Generated_Source\PSoC4\TIA_OUT.h</File>
          <File BuildType="BUILD" Toolchain="">Generated_Source\PSoC4\TIA_OUT_aliases.h</File>
          <File BuildType="BUILD" Toolchain="">Generated_Source\PSoC4\TIA_OUT_PM.c</File>
          <File BuildType="BUILD" Toolchain="">Generated_Source\PSoC4\CSD.h</File>
          <File BuildType="BUILD" Toolchain="">Generated_Source\PSoC4\CSD_Control.c</File>
          <File BuildType="BUILD" Toolchain="">Generated_Source\PSoC4\CSD_Processing.c</File>
          <File BuildType="BUILD" Toolchain="">Generated_Source\PSoC4\CSD_Structure.c</File>
          <File BuildType="BUILD" Toolchain="">Generated_Source\PSoC4\CSD_Tuner.c</File>
          <File BuildType="BUILD" Toolchain="">Generated_Source\PSoC4\CSD_Filter.c</File>
          <File BuildType="BUILD" Toolchain="">Generated_Source\PSoC4\CSD_Sensing.c</File>
          <File BuildType="BUILD" Toolchain="">Generated_Source\PSoC4\CSD_Control.h</File>
          <File BuildType="BUILD" Toolchain="">Generated_Source\PSoC4\CSD_Filter.h</File>
          <File BuildType="BUILD" Toolchain="">Generated_Source\PSoC4\CSD_Processing.h</File>
          <File BuildType="BUILD" Toolchain="">Generated_Source\PSoC4\CSD_Sensing.h</File>
          <File BuildType="BUILD" Toolchain="">Generated_Source\PSoC4\CSD_Structure.h</File>
          <File BuildType="BUILD" Toolchain="">Generated_Source\PSoC4\CSD_Tuner.h</File>
          <File BuildType="BUILD" Toolchain="">Generated_Source\PSoC4\CSD_Configuration.h</File>
          <File BuildType="BUILD" Toolchain="">Generated_Source\PSoC4\CSD_INT.c</File>
          <File BuildType="BUILD" Toolchain="">Generated_Source\PSoC4\CSD_SensingCSD_LL.c</File>
          <File BuildType="BUILD" Toolchain="">Generated_Source\PSoC4\CSD_SensingCSD_LL.h</File>
          <File BuildType="BUILD" Toolchain="">Generated_Source\PSoC4\CSD_RegisterMap.h</File>
          <File BuildType="BUILD" Toolchain="">Generated_Source\PSoC4\CSD_ISR.c</File>
          <File BuildType="BUILD" Toolchain="">Generated_Source\PSoC4\CSD_ISR.h</File>
        </Files>
      </Folder>
      <Folder BuildType="STRICT" Path="C:\Users\inderpreet\Desktop\AnalogCoProcessor_Design.cydsn\Export\ARM_GCC_Generic\CapSense_P4_v3_0">
        <Files Root="C:\Users\inderpreet\Desktop\AnalogCoProcessor_Design.cydsn">
          <File BuildType="BUILD" Toolchain="ARM GCC Generic">.\Export\ARM_GCC_Generic\CapSense_P4_v3_0\Capsense_P4Library_GCCp.a</File>
        </Files>
      </Folder>
      <Folder BuildType="STRICT" Path="C:\Users\inderpreet\Desktop\AnalogCoProcessor_Design.cydsn\Export\ARM_MDK_Generic\CapSense_P4_v3_0">
        <Files Root="C:\Users\inderpreet\Desktop\AnalogCoProcessor_Design.cydsn">
          <File BuildType="BUILD" Toolchain="ARM MDK Generic">.\Export\ARM_MDK_Generic\CapSense_P4_v3_0\Capsense_P4Library_MDKp.a</File>
        </Files>
      </Folder>
      <Folder BuildType="STRICT" Path="C:\Users\inderpreet\Desktop\AnalogCoProcessor_Design.cydsn\Export\ARM_IAR_Generic\CapSense_P4_v3_0">
        <Files Root="C:\Users\inderpreet\Desktop\AnalogCoProcessor_Design.cydsn">
          <File BuildType="BUILD" Toolchain="ARM IAR Generic">.\Export\ARM_IAR_Generic\CapSense_P4_v3_0\Capsense_P4Library_IARp.a</File>
        </Files>
      </Folder>
      <Folder BuildType="EXCLUDE" Path=".\codegentemp">
        <Files Root="C:\Users\inderpreet\Desktop\AnalogCoProcessor_Design.cydsn" />
      </Folder>
      <Folder BuildType="EXCLUDE" Path=".\ARM_GCC_441">
        <Files Root="C:\Users\inderpreet\Desktop\AnalogCoProcessor_Design.cydsn" />
      </Folder>
      <Folder BuildType="EXCLUDE" Path=".\ARM_GCC_473">
        <Files Root="C:\Users\inderpreet\Desktop\AnalogCoProcessor_Design.cydsn" />
      </Folder>
      <Folder BuildType="EXCLUDE" Path=".\DP8051_Keil_952">
        <Files Root="C:\Users\inderpreet\Desktop\AnalogCoProcessor_Design.cydsn" />
      </Folder>
      <Folder BuildType="EXCLUDE" Path=".\DP8051">
        <Files Root="C:\Users\inderpreet\Desktop\AnalogCoProcessor_Design.cydsn" />
      </Folder>
      <Folder BuildType="EXCLUDE" Path=".\CortexM0">
        <Files Root="C:\Users\inderpreet\Desktop\AnalogCoProcessor_Design.cydsn" />
      </Folder>
      <Folder BuildType="EXCLUDE" Path=".\CortexM0p">
        <Files Root="C:\Users\inderpreet\Desktop\AnalogCoProcessor_Design.cydsn" />
      </Folder>
      <Folder BuildType="EXCLUDE" Path=".\CortexM3">
        <Files Root="C:\Users\inderpreet\Desktop\AnalogCoProcessor_Design.cydsn" />
      </Folder>
      <Folder BuildType="EXCLUDE" Path=".\CortexM4">
        <Files Root="C:\Users\inderpreet\Desktop\AnalogCoProcessor_Design.cydsn" />
      </Folder>
      <Folder BuildType="EXCLUDE" Path=".\CortexM7">
        <Files Root="C:\Users\inderpreet\Desktop\AnalogCoProcessor_Design.cydsn" />
      </Folder>
      <Folder BuildType="EXCLUDE" Path=".\Generated_Source\PSoC3">
        <Files Root="C:\Users\inderpreet\Desktop\AnalogCoProcessor_Design.cydsn" />
      </Folder>
      <Folder BuildType="EXCLUDE" Path=".\Generated_Source\PSoC5">
        <Files Root="C:\Users\inderpreet\Desktop\AnalogCoProcessor_Design.cydsn" />
      </Folder>
    </Folders>
  </Project>
</PSoCCreatorIdeExport>